<?xml version="1.0" encoding="UTF-8"?>
<!DOCTYPE mapper PUBLIC "-//mybatis.org//DTD Mapper 3.0//EN" "http://mybatis.org/dtd/mybatis-3-mapper.dtd">
<mapper namespace="net.lab1024.smartadmin.module.business.log.userloginlog.UserLoginLogDao">

    <resultMap id="UserLoginLogEntity" type="net.lab1024.smartadmin.module.business.log.userloginlog.domain.UserLoginLogEntity"></resultMap>


    <select id="queryByPage" resultMap="UserLoginLogEntity">
        select
          id,
          user_id,
          user_name,
          remote_ip,
          remote_port,
          remote_browser,
          remote_os,
          login_status,
          update_time,
          create_time
        from t_user_login_log
        <where>
            <if test="queryDTO.startDate != null and queryDTO.startDate != ''">
                AND DATE_FORMAT(create_time, '%Y-%m-%d') &gt;= #{queryDTO.startDate}
            </if>
            <if test="queryDTO.endDate != null and queryDTO.endDate != ''">
                AND DATE_FORMAT(create_time, '%Y-%m-%d') &lt;= #{queryDTO.endDate}
            </if>
            <if test="queryDTO.userName != null and queryDTO.userName != ''">
                AND INSTR(user_name,#{queryDTO.userName})
            </if>
        </where>
        order by create_time desc
    </select>

    <delete id="deleteById">
        delete from t_user_login_log where id = #{id}
    </delete>

    <delete id="deleteByIds">
        delete from t_user_login_log where id in
        <foreach collection="idList" open="(" close=")" separator="," item="item">
            #{item}
        </foreach>
    </delete>

</mapper>